[{"CourseRegistrationId":14557,"RegistrationStatus":false, "Student":{"Nuid":252969333,"FirstName":"Stefanie","LastName":"Coombs","UniversityEmail":"coombs.s@northeastern.edu"},"Course":{"CourseId":5869,"CourseName":"Special Topics in Artificial Intelligence","Instructor":{"InstructorId":1110,"FirstName":"Berne","LastName":"Castenda","UniversityEmail":"castenda.b@northeastern.edu"}}},
{"CourseRegistrationId":76618,"RegistrationStatus":true,"Student":{"Nuid":138002024,"FirstName":"Edik","LastName":"Goman","UniversityEmail":"goman.e@northeastern.edu"},"Course":{"CourseId":5050,"CourseName":"Information Retrieval","Instructor":{"InstructorId":1374,"FirstName":"Gretel","LastName":"Chaperlin","UniversityEmail":"chaperlin.g@northeastern.edu"}}},
{"CourseRegistrationId":55316,"Student":{"Nuid":655489327,"FirstName":"Aldous","LastName":"Henke","UniversityEmail":"henke.a@northeastern.edu"},"Course":{"CourseId":5419,"CourseName":"Computer/Human Interaction","Instructor":{"InstructorId":1110,"FirstName":"Berne","LastName":"Castenda","UniversityEmail":"castenda.b@northeastern.edu"}}},
{"CourseRegistrationId":73934,"Student":{"Nuid":939204535,"FirstName":"Georgie","LastName":"Laurie","UniversityEmail":"laurie.g@northeastern.edu"},"Course":{"CourseId":5809,"CourseName":"Robotic Science and Systems","Instructor":{"InstructorId":1624,"FirstName":"Olivette","LastName":"Shankland","UniversityEmail":"shankland.o@northeastern.edu"}}},
{"CourseRegistrationId":91360,"Student":{"Nuid":354165136,"FirstName":"Randie","LastName":"Lode","UniversityEmail":"lode.r@northeastern.edu"},"Course":{"CourseId":6602,"CourseName":"Computer/Human Interaction","Instructor":{"InstructorId":1477,"FirstName":"Margie","LastName":"Bett","UniversityEmail":"bett.m@northeastern.edu"}}},
{"CourseRegistrationId":73367,"Student":{"Nuid":357708516,"FirstName":"Bard","LastName":"Delagnes","UniversityEmail":"delagnes.b@northeastern.edu"},"Course":{"CourseId":6934,"CourseName":"Foundations of Artificial Intelligence","Instructor":{"InstructorId":1651,"FirstName":"Eugenie","LastName":"Santorini","UniversityEmail":"santorini.e@northeastern.edu"}}},
{"CourseRegistrationId":45923,"Student":{"Nuid":612572959,"FirstName":"Maurene","LastName":"Trevallion","UniversityEmail":"trevallion.m@northeastern.edu"},"Course":{"CourseId":6062,"CourseName":"Information Retrieval","Instructor":{"InstructorId":1694,"FirstName":"Christabella","LastName":"Murrie","UniversityEmail":"murrie.c@northeastern.edu"}}},
{"CourseRegistrationId":68084,"Student":{"Nuid":319528189,"FirstName":"Cherlyn","LastName":"Look","UniversityEmail":"look.c@northeastern.edu"},"Course":{"CourseId":5700,"CourseName":"Object-Oriented Design","Instructor":{"InstructorId":1775,"FirstName":"Germain","LastName":"Bulle","UniversityEmail":"bulle.g@northeastern.edu"}}},
{"CourseRegistrationId":89098,"Student":{"Nuid":589241878,"FirstName":"Cozmo","LastName":"Bennett","UniversityEmail":"bennett.c@northeastern.edu"},"Course":{"CourseId":5538,"CourseName":"Discrete Structures","Instructor":{"InstructorId":1694,"FirstName":"Christabella","LastName":"Murrie","UniversityEmail":"murrie.c@northeastern.edu"}}},
{"CourseRegistrationId":41062,"Student":{"Nuid":835786781,"FirstName":"Luther","LastName":"Lillicrap","UniversityEmail":"lillicrap.l@northeastern.edu"},"Course":{"CourseId":5050,"CourseName":"Information Retrieval","Instructor":{"InstructorId":1374,"FirstName":"Gretel","LastName":"Chaperlin","UniversityEmail":"chaperlin.g@northeastern.edu"}}},
{"CourseRegistrationId":79380,"Student":{"Nuid":248149303,"FirstName":"Elysha","LastName":"Roderham","UniversityEmail":"roderham.e@northeastern.edu"},"Course":{"CourseId":6888,"CourseName":"Special Topics in Artificial Intelligence","Instructor":{"InstructorId":1894,"FirstName":"Cecelia","LastName":"Lightwing","UniversityEmail":"lightwing.c@northeastern.edu"}}},
{"CourseRegistrationId":44041,"Student":{"Nuid":354165136,"FirstName":"Randie","LastName":"Lode","UniversityEmail":"lode.r@northeastern.edu"},"Course":{"CourseId":5487,"CourseName":"Special Topics in Artificial Intelligence","Instructor":{"InstructorId":1395,"FirstName":"Carney","LastName":"Huccaby","UniversityEmail":"huccaby.c@northeastern.edu"}}},
{"CourseRegistrationId":75416,"Student":{"Nuid":967719988,"FirstName":"Abra","LastName":"Nise","UniversityEmail":"nise.a@northeastern.edu"},"Course":{"CourseId":6796,"CourseName":"Object-Oriented Design","Instructor":{"InstructorId":1775,"FirstName":"Germain","LastName":"Bulle","UniversityEmail":"bulle.g@northeastern.edu"}}},
{"CourseRegistrationId":42009,"Student":{"Nuid":724464106,"FirstName":"Willem","LastName":"Jurgenson","UniversityEmail":"jurgenson.w@northeastern.edu"},"Course":{"CourseId":6667,"CourseName":"Discrete Structures","Instructor":{"InstructorId":1312,"FirstName":"Silvanus","LastName":"Burtt","UniversityEmail":"burtt.s@northeastern.edu"}}},
{"CourseRegistrationId":95245,"Student":{"Nuid":361066653,"FirstName":"Codie","LastName":"Fishlock","UniversityEmail":"fishlock.c@northeastern.edu"},"Course":{"CourseId":6253,"CourseName":"Information Retrieval","Instructor":{"InstructorId":1374,"FirstName":"Gretel","LastName":"Chaperlin","UniversityEmail":"chaperlin.g@northeastern.edu"}}},
{"CourseRegistrationId":32094,"Student":{"Nuid":967719988,"FirstName":"Abra","LastName":"Nise","UniversityEmail":"nise.a@northeastern.edu"},"Course":{"CourseId":5700,"CourseName":"Object-Oriented Design","Instructor":{"InstructorId":1775,"FirstName":"Germain","LastName":"Bulle","UniversityEmail":"bulle.g@northeastern.edu"}}},
{"CourseRegistrationId":85211,"Student":{"Nuid":353081570,"FirstName":"Winnie","LastName":"Petrou","UniversityEmail":"petrou.w@northeastern.edu"},"Course":{"CourseId":5845,"CourseName":"Algorithms","Instructor":{"InstructorId":1110,"FirstName":"Shaun","LastName":"Risson","UniversityEmail":"risson.s@northeastern.edu"}}},
{"CourseRegistrationId":50842,"Student":{"Nuid":343054589,"FirstName":"Porter","LastName":"Blazewski","UniversityEmail":"blazewski.p@northeastern.edu"},"Course":{"CourseId":6667,"CourseName":"Discrete Structures","Instructor":{"InstructorId":1312,"FirstName":"Silvanus","LastName":"Burtt","UniversityEmail":"burtt.s@northeastern.edu"}}},
{"CourseRegistrationId":28966,"Student":{"Nuid":410510468,"FirstName":"Abramo","LastName":"Steers","UniversityEmail":"steers.a@northeastern.edu"},"Course":{"CourseId":6703,"CourseName":"Discrete Structures","Instructor":{"InstructorId":1093,"FirstName":"Jeramey","LastName":"Demangel","UniversityEmail":"demangel.j@northeastern.edu"}}},
{"CourseRegistrationId":58824,"Student":{"Nuid":670102245,"FirstName":"Doloritas","LastName":"Marcu","UniversityEmail":"marcu.d@northeastern.edu"},"Course":{"CourseId":6062,"CourseName":"Information Retrieval","Instructor":{"InstructorId":1694,"FirstName":"Christabella","LastName":"Murrie","UniversityEmail":"murrie.c@northeastern.edu"}}},
{"CourseRegistrationId":26794,"Student":{"Nuid":679916840,"FirstName":"Ephrem","LastName":"Calway","UniversityEmail":"calway.e@northeastern.edu"},"Course":{"CourseId":6376,"CourseName":"Robotic Science and Systems","Instructor":{"InstructorId":1193,"FirstName":"Karalynn","LastName":"Vagg","UniversityEmail":"vagg.k@northeastern.edu"}}},
{"CourseRegistrationId":57057,"Student":{"Nuid":252969333,"FirstName":"Stefanie","LastName":"Coombs","UniversityEmail":"coombs.s@northeastern.edu"},"Course":{"CourseId":6062,"CourseName":"Information Retrieval","Instructor":{"InstructorId":1694,"FirstName":"Christabella","LastName":"Murrie","UniversityEmail":"murrie.c@northeastern.edu"}}},
{"CourseRegistrationId":33186,"Student":{"Nuid":893727356,"FirstName":"Kiel","LastName":"Griffith","UniversityEmail":"griffith.k@northeastern.edu"},"Course":{"CourseId":6703,"CourseName":"Discrete Structures","Instructor":{"InstructorId":1093,"FirstName":"Jeramey","LastName":"Demangel","UniversityEmail":"demangel.j@northeastern.edu"}}},
{"CourseRegistrationId":70080,"Student":{"Nuid":198150388,"FirstName":"Shannan","LastName":"Phebey","UniversityEmail":"phebey.s@northeastern.edu"},"Course":{"CourseId":6703,"CourseName":"Discrete Structures","Instructor":{"InstructorId":1093,"FirstName":"Jeramey","LastName":"Demangel","UniversityEmail":"demangel.j@northeastern.edu"}}},
{"CourseRegistrationId":75180,"Student":{"Nuid":319528189,"FirstName":"Cherlyn","LastName":"Look","UniversityEmail":"look.c@northeastern.edu"},"Course":{"CourseId":6888,"CourseName":"Special Topics in Artificial Intelligence","Instructor":{"InstructorId":1894,"FirstName":"Cecelia","LastName":"Lightwing","UniversityEmail":"lightwing.c@northeastern.edu"}}},
{"CourseRegistrationId":38353,"Student":{"Nuid":252969333,"FirstName":"Stefanie","LastName":"Coombs","UniversityEmail":"coombs.s@northeastern.edu"},"Course":{"CourseId":6130,"CourseName":"Natural Language Processing","Instructor":{"InstructorId":1542,"FirstName":"Berty","LastName":"Colbridge","UniversityEmail":"colbridge.b@northeastern.edu"}}},
{"CourseRegistrationId":39600,"Student":{"Nuid":361066653,"FirstName":"Codie","LastName":"Fishlock","UniversityEmail":"fishlock.c@northeastern.edu"},"Course":{"CourseId":6282,"CourseName":"Database Management Systems","Instructor":{"InstructorId":1383,"FirstName":"Mora","LastName":"Daye","UniversityEmail":"daye.m@northeastern.edu"}}},
{"CourseRegistrationId":57692,"Student":{"Nuid":632952605,"FirstName":"Gillan","LastName":"Bastow","UniversityEmail":"bastow.g@northeastern.edu"},"Course":{"CourseId":6796,"CourseName":"Object-Oriented Design","Instructor":{"InstructorId":1775,"FirstName":"Germain","LastName":"Bulle","UniversityEmail":"bulle.g@northeastern.edu"}}},
{"CourseRegistrationId":97649,"Student":{"Nuid":354165136,"FirstName":"Randie","LastName":"Lode","UniversityEmail":"lode.r@northeastern.edu"},"Course":{"CourseId":5848,"CourseName":"Foundations of Artificial Intelligence","Instructor":{"InstructorId":1383,"FirstName":"Mora","LastName":"Daye","UniversityEmail":"daye.m@northeastern.edu"}}},
{"CourseRegistrationId":15585,"Student":{"Nuid":835786781,"FirstName":"Luther","LastName":"Lillicrap","UniversityEmail":"lillicrap.l@northeastern.edu"},"Course":{"CourseId":5538,"CourseName":"Discrete Structures","Instructor":{"InstructorId":1694,"FirstName":"Christabella","LastName":"Murrie","UniversityEmail":"murrie.c@northeastern.edu"}}},
{"CourseRegistrationId":86612,"Student":{"Nuid":198150388,"FirstName":"Shannan","LastName":"Phebey","UniversityEmail":"phebey.s@northeastern.edu"},"Course":{"CourseId":6888,"CourseName":"Special Topics in Artificial Intelligence","Instructor":{"InstructorId":1894,"FirstName":"Cecelia","LastName":"Lightwing","UniversityEmail":"lightwing.c@northeastern.edu"}}},
{"CourseRegistrationId":68427,"Student":{"Nuid":357708516,"FirstName":"Bard","LastName":"Delagnes","UniversityEmail":"delagnes.b@northeastern.edu"},"Course":{"CourseId":6130,"CourseName":"Natural Language Processing","Instructor":{"InstructorId":1542,"FirstName":"Berty","LastName":"Colbridge","UniversityEmail":"colbridge.b@northeastern.edu"}}},
{"CourseRegistrationId":75874,"Student":{"Nuid":907722868,"FirstName":"Myles","LastName":"Leopold","UniversityEmail":"leopold.m@northeastern.edu"},"Course":{"CourseId":6888,"CourseName":"Special Topics in Artificial Intelligence","Instructor":{"InstructorId":1894,"FirstName":"Cecelia","LastName":"Lightwing","UniversityEmail":"lightwing.c@northeastern.edu"}}},
{"CourseRegistrationId":46878,"Student":{"Nuid":410510468,"FirstName":"Abramo","LastName":"Steers","UniversityEmail":"steers.a@northeastern.edu"},"Course":{"CourseId":6812,"CourseName":"Computer Systems","Instructor":{"InstructorId":1110,"FirstName":"Shaun","LastName":"Risson","UniversityEmail":"risson.s@northeastern.edu"}}},
{"CourseRegistrationId":66651,"Student":{"Nuid":179527823,"FirstName":"Ruy","LastName":"Upsale","UniversityEmail":"upsale.r@northeastern.edu"},"Course":{"CourseId":6987,"CourseName":"Algorithms","Instructor":{"InstructorId":1444,"FirstName":"Dulcea","LastName":"Timmens","UniversityEmail":"timmens.d@northeastern.edu"}}},
{"CourseRegistrationId":50579,"Student":{"Nuid":901698851,"FirstName":"Quintus","LastName":"Greenan","UniversityEmail":"greenan.q@northeastern.edu"},"Course":{"CourseId":6847,"CourseName":"Natural Language Processing","Instructor":{"InstructorId":1395,"FirstName":"Vinita","LastName":"Feyer","UniversityEmail":"feyer.v@northeastern.edu"}}},
{"CourseRegistrationId":72918,"Student":{"Nuid":655489327,"FirstName":"Aldous","LastName":"Henke","UniversityEmail":"henke.a@northeastern.edu"},"Course":{"CourseId":6160,"CourseName":"Database Management Systems","Instructor":{"InstructorId":1444,"FirstName":"Dulcea","LastName":"Timmens","UniversityEmail":"timmens.d@northeastern.edu"}}},
{"CourseRegistrationId":34786,"Student":{"Nuid":907722868,"FirstName":"Myles","LastName":"Leopold","UniversityEmail":"leopold.m@northeastern.edu"},"Course":{"CourseId":5419,"CourseName":"Computer/Human Interaction","Instructor":{"InstructorId":1110,"FirstName":"Berne","LastName":"Castenda","UniversityEmail":"castenda.b@northeastern.edu"}}},
{"CourseRegistrationId":33630,"Student":{"Nuid":105610890,"FirstName":"Augie","LastName":"Josling","UniversityEmail":"josling.a@northeastern.edu"},"Course":{"CourseId":6376,"CourseName":"Robotic Science and Systems","Instructor":{"InstructorId":1193,"FirstName":"Karalynn","LastName":"Vagg","UniversityEmail":"vagg.k@northeastern.edu"}}},
{"CourseRegistrationId":60605,"Student":{"Nuid":771787259,"FirstName":"Frannie","LastName":"Souza","UniversityEmail":"souza.f@northeastern.edu"},"Course":{"CourseId":5955,"CourseName":"Information Retrieval","Instructor":{"InstructorId":1444,"FirstName":"Dulcea","LastName":"Timmens","UniversityEmail":"timmens.d@northeastern.edu"}}},
{"CourseRegistrationId":16922,"Student":{"Nuid":602259578,"FirstName":"Karylin","LastName":"Heaslip","UniversityEmail":"heaslip.k@northeastern.edu"},"Course":{"CourseId":6160,"CourseName":"Database Management Systems","Instructor":{"InstructorId":1444,"FirstName":"Dulcea","LastName":"Timmens","UniversityEmail":"timmens.d@northeastern.edu"}}},
{"CourseRegistrationId":55047,"Student":{"Nuid":771787259,"FirstName":"Frannie","LastName":"Souza","UniversityEmail":"souza.f@northeastern.edu"},"Course":{"CourseId":5597,"CourseName":"Foundations of Software Engineering","Instructor":{"InstructorId":1542,"FirstName":"Berty","LastName":"Colbridge","UniversityEmail":"colbridge.b@northeastern.edu"}}},
{"CourseRegistrationId":67121,"Student":{"Nuid":410510468,"FirstName":"Abramo","LastName":"Steers","UniversityEmail":"steers.a@northeastern.edu"},"Course":{"CourseId":6602,"CourseName":"Computer/Human Interaction","Instructor":{"InstructorId":1477,"FirstName":"Margie","LastName":"Bett","UniversityEmail":"bett.m@northeastern.edu"}}},
{"CourseRegistrationId":31189,"Student":{"Nuid":105610890,"FirstName":"Augie","LastName":"Josling","UniversityEmail":"josling.a@northeastern.edu"},"Course":{"CourseId":5487,"CourseName":"Special Topics in Artificial Intelligence","Instructor":{"InstructorId":1395,"FirstName":"Carney","LastName":"Huccaby","UniversityEmail":"huccaby.c@northeastern.edu"}}},
{"CourseRegistrationId":47515,"Student":{"Nuid":138002024,"FirstName":"Edik","LastName":"Goman","UniversityEmail":"goman.e@northeastern.edu"},"Course":{"CourseId":6987,"CourseName":"Algorithms","Instructor":{"InstructorId":1444,"FirstName":"Dulcea","LastName":"Timmens","UniversityEmail":"timmens.d@northeastern.edu"}}},
{"CourseRegistrationId":13527,"Student":{"Nuid":655489327,"FirstName":"Aldous","LastName":"Henke","UniversityEmail":"henke.a@northeastern.edu"},"Course":{"CourseId":5877,"CourseName":"Foundations of Software Engineering","Instructor":{"InstructorId":1837,"FirstName":"Charissa","LastName":"Higginbottam","UniversityEmail":"higginbottam.c@northeastern.edu"}}},
{"CourseRegistrationId":68146,"Student":{"Nuid":138002024,"FirstName":"Edik","LastName":"Goman","UniversityEmail":"goman.e@northeastern.edu"},"Course":{"CourseId":5050,"CourseName":"Information Retrieval","Instructor":{"InstructorId":1374,"FirstName":"Gretel","LastName":"Chaperlin","UniversityEmail":"chaperlin.g@northeastern.edu"}}},
{"CourseRegistrationId":23489,"Student":{"Nuid":632952605,"FirstName":"Gillan","LastName":"Bastow","UniversityEmail":"bastow.g@northeastern.edu"},"Course":{"CourseId":6888,"CourseName":"Special Topics in Artificial Intelligence","Instructor":{"InstructorId":1894,"FirstName":"Cecelia","LastName":"Lightwing","UniversityEmail":"lightwing.c@northeastern.edu"}}},
{"CourseRegistrationId":59625,"Student":{"Nuid":670102245,"FirstName":"Doloritas","LastName":"Marcu","UniversityEmail":"marcu.d@northeastern.edu"},"Course":{"CourseId":6353,"CourseName":"Advanced Machine Learning","Instructor":{"InstructorId":1165,"FirstName":"Willy","LastName":"Wellen","UniversityEmail":"wellen.w@northeastern.edu"}}},
{"CourseRegistrationId":37344,"Student":{"Nuid":679916840,"FirstName":"Ephrem","LastName":"Calway","UniversityEmail":"calway.e@northeastern.edu"},"Course":{"CourseId":6148,"CourseName":"Advanced Machine Learning","Instructor":{"InstructorId":1093,"FirstName":"Jeramey","LastName":"Demangel","UniversityEmail":"demangel.j@northeastern.edu"}}},
{"CourseRegistrationId":79995,"Student":{"Nuid":361066653,"FirstName":"Codie","LastName":"Fishlock","UniversityEmail":"fishlock.c@northeastern.edu"},"Course":{"CourseId":6916,"CourseName":"Data Mining Techniques","Instructor":{"InstructorId":1383,"FirstName":"Mora","LastName":"Daye","UniversityEmail":"daye.m@northeastern.edu"}}},
{"CourseRegistrationId":87521,"Student":{"Nuid":911637662,"FirstName":"Elbert","LastName":"Wincer","UniversityEmail":"wincer.e@northeastern.edu"},"Course":{"CourseId":5538,"CourseName":"Discrete Structures","Instructor":{"InstructorId":1694,"FirstName":"Christabella","LastName":"Murrie","UniversityEmail":"murrie.c@northeastern.edu"}}},
{"CourseRegistrationId":21866,"Student":{"Nuid":893727356,"FirstName":"Kiel","LastName":"Griffith","UniversityEmail":"griffith.k@northeastern.edu"},"Course":{"CourseId":6916,"CourseName":"Data Mining Techniques","Instructor":{"InstructorId":1383,"FirstName":"Mora","LastName":"Daye","UniversityEmail":"daye.m@northeastern.edu"}}},
{"CourseRegistrationId":71258,"Student":{"Nuid":724464106,"FirstName":"Willem","LastName":"Jurgenson","UniversityEmail":"jurgenson.w@northeastern.edu"},"Course":{"CourseId":6130,"CourseName":"Natural Language Processing","Instructor":{"InstructorId":1542,"FirstName":"Berty","LastName":"Colbridge","UniversityEmail":"colbridge.b@northeastern.edu"}}},
{"CourseRegistrationId":24024,"Student":{"Nuid":354165136,"FirstName":"Randie","LastName":"Lode","UniversityEmail":"lode.r@northeastern.edu"},"Course":{"CourseId":5955,"CourseName":"Information Retrieval","Instructor":{"InstructorId":1444,"FirstName":"Dulcea","LastName":"Timmens","UniversityEmail":"timmens.d@northeastern.edu"}}},
{"CourseRegistrationId":84117,"Student":{"Nuid":204424037,"FirstName":"Sarah","LastName":"Whightman","UniversityEmail":"whightman.s@northeastern.edu"},"Course":{"CourseId":6253,"CourseName":"Information Retrieval","Instructor":{"InstructorId":1374,"FirstName":"Gretel","LastName":"Chaperlin","UniversityEmail":"chaperlin.g@northeastern.edu"}}},
{"CourseRegistrationId":72898,"Student":{"Nuid":987704889,"FirstName":"Errol","LastName":"Pattrick","UniversityEmail":"pattrick.e@northeastern.edu"},"Course":{"CourseId":5487,"CourseName":"Special Topics in Artificial Intelligence","Instructor":{"InstructorId":1395,"FirstName":"Carney","LastName":"Huccaby","UniversityEmail":"huccaby.c@northeastern.edu"}}},
{"CourseRegistrationId":49811,"Student":{"Nuid":987704889,"FirstName":"Errol","LastName":"Pattrick","UniversityEmail":"pattrick.e@northeastern.edu"},"Course":{"CourseId":6602,"CourseName":"Computer/Human Interaction","Instructor":{"InstructorId":1477,"FirstName":"Margie","LastName":"Bett","UniversityEmail":"bett.m@northeastern.edu"}}},
{"CourseRegistrationId":47061,"Student":{"Nuid":562122341,"FirstName":"Mylo","LastName":"Cholton","UniversityEmail":"cholton.m@northeastern.edu"},"Course":{"CourseId":6602,"CourseName":"Computer/Human Interaction","Instructor":{"InstructorId":1477,"FirstName":"Margie","LastName":"Bett","UniversityEmail":"bett.m@northeastern.edu"}}},
{"CourseRegistrationId":76545,"Student":{"Nuid":786657238,"FirstName":"Del","LastName":"Cantero","UniversityEmail":"cantero.d@northeastern.edu"},"Course":{"CourseId":6253,"CourseName":"Information Retrieval","Instructor":{"InstructorId":1374,"FirstName":"Gretel","LastName":"Chaperlin","UniversityEmail":"chaperlin.g@northeastern.edu"}}},
{"CourseRegistrationId":95656,"Student":{"Nuid":360015747,"FirstName":"Layton","LastName":"Bridewell","UniversityEmail":"bridewell.l@northeastern.edu"},"Course":{"CourseId":5331,"CourseName":"Discrete Structures","Instructor":{"InstructorId":1069,"FirstName":"Brietta","LastName":"Drinkwater","UniversityEmail":"drinkwater.b@northeastern.edu"}}},
{"CourseRegistrationId":52573,"Student":{"Nuid":602259578,"FirstName":"Karylin","LastName":"Heaslip","UniversityEmail":"heaslip.k@northeastern.edu"},"Course":{"CourseId":5050,"CourseName":"Information Retrieval","Instructor":{"InstructorId":1374,"FirstName":"Gretel","LastName":"Chaperlin","UniversityEmail":"chaperlin.g@northeastern.edu"}}},
{"CourseRegistrationId":22407,"Student":{"Nuid":248149303,"FirstName":"Elysha","LastName":"Roderham","UniversityEmail":"roderham.e@northeastern.edu"},"Course":{"CourseId":6667,"CourseName":"Discrete Structures","Instructor":{"InstructorId":1312,"FirstName":"Silvanus","LastName":"Burtt","UniversityEmail":"burtt.s@northeastern.edu"}}},
{"CourseRegistrationId":17785,"Student":{"Nuid":724464106,"FirstName":"Willem","LastName":"Jurgenson","UniversityEmail":"jurgenson.w@northeastern.edu"},"Course":{"CourseId":6034,"CourseName":"Information Retrieval","Instructor":{"InstructorId":1374,"FirstName":"Gretel","LastName":"Chaperlin","UniversityEmail":"chaperlin.g@northeastern.edu"}}},
{"CourseRegistrationId":11721,"Student":{"Nuid":430709506,"FirstName":"Yul","LastName":"Knowling","UniversityEmail":"knowling.y@northeastern.edu"},"Course":{"CourseId":6672,"CourseName":"Natural Language Processing","Instructor":{"InstructorId":1395,"FirstName":"Carney","LastName":"Huccaby","UniversityEmail":"huccaby.c@northeastern.edu"}}},
{"CourseRegistrationId":54926,"Student":{"Nuid":846711240,"FirstName":"Gustaf","LastName":"Kamenar","UniversityEmail":"kamenar.g@northeastern.edu"},"Course":{"CourseId":5845,"CourseName":"Algorithms","Instructor":{"InstructorId":1110,"FirstName":"Shaun","LastName":"Risson","UniversityEmail":"risson.s@northeastern.edu"}}},
{"CourseRegistrationId":63512,"Student":{"Nuid":319528189,"FirstName":"Cherlyn","LastName":"Look","UniversityEmail":"look.c@northeastern.edu"},"Course":{"CourseId":6876,"CourseName":"Intensive Foundations of Computer Science","Instructor":{"InstructorId":1837,"FirstName":"Charissa","LastName":"Higginbottam","UniversityEmail":"higginbottam.c@northeastern.edu"}}},
{"CourseRegistrationId":34757,"Student":{"Nuid":204424037,"FirstName":"Sarah","LastName":"Whightman","UniversityEmail":"whightman.s@northeastern.edu"},"Course":{"CourseId":6876,"CourseName":"Intensive Foundations of Computer Science","Instructor":{"InstructorId":1837,"FirstName":"Charissa","LastName":"Higginbottam","UniversityEmail":"higginbottam.c@northeastern.edu"}}},
{"CourseRegistrationId":69438,"Student":{"Nuid":268796149,"FirstName":"Felix","LastName":"Pocklington","UniversityEmail":"pocklington.f@northeastern.edu"},"Course":{"CourseId":6703,"CourseName":"Discrete Structures","Instructor":{"InstructorId":1093,"FirstName":"Jeramey","LastName":"Demangel","UniversityEmail":"demangel.j@northeastern.edu"}}},
{"CourseRegistrationId":66616,"Student":{"Nuid":322205681,"FirstName":"Brigitta","LastName":"Burdess","UniversityEmail":"burdess.b@northeastern.edu"},"Course":{"CourseId":6376,"CourseName":"Robotic Science and Systems","Instructor":{"InstructorId":1193,"FirstName":"Karalynn","LastName":"Vagg","UniversityEmail":"vagg.k@northeastern.edu"}}},
{"CourseRegistrationId":74419,"Student":{"Nuid":679916840,"FirstName":"Ephrem","LastName":"Calway","UniversityEmail":"calway.e@northeastern.edu"},"Course":{"CourseId":6667,"CourseName":"Discrete Structures","Instructor":{"InstructorId":1312,"FirstName":"Silvanus","LastName":"Burtt","UniversityEmail":"burtt.s@northeastern.edu"}}},
{"CourseRegistrationId":40334,"Student":{"Nuid":360015747,"FirstName":"Layton","LastName":"Bridewell","UniversityEmail":"bridewell.l@northeastern.edu"},"Course":{"CourseId":5851,"CourseName":"Discrete Structures","Instructor":{"InstructorId":1110,"FirstName":"Berne","LastName":"Castenda","UniversityEmail":"castenda.b@northeastern.edu"}}},
{"CourseRegistrationId":57706,"Student":{"Nuid":430709506,"FirstName":"Yul","LastName":"Knowling","UniversityEmail":"knowling.y@northeastern.edu"},"Course":{"CourseId":6667,"CourseName":"Discrete Structures","Instructor":{"InstructorId":1312,"FirstName":"Silvanus","LastName":"Burtt","UniversityEmail":"burtt.s@northeastern.edu"}}},
{"CourseRegistrationId":24488,"Student":{"Nuid":354165136,"FirstName":"Randie","LastName":"Lode","UniversityEmail":"lode.r@northeastern.edu"},"Course":{"CourseId":5331,"CourseName":"Discrete Structures","Instructor":{"InstructorId":1069,"FirstName":"Brietta","LastName":"Drinkwater","UniversityEmail":"drinkwater.b@northeastern.edu"}}},
{"CourseRegistrationId":12456,"Student":{"Nuid":357708516,"FirstName":"Bard","LastName":"Delagnes","UniversityEmail":"delagnes.b@northeastern.edu"},"Course":{"CourseId":5877,"CourseName":"Foundations of Software Engineering","Instructor":{"InstructorId":1837,"FirstName":"Charissa","LastName":"Higginbottam","UniversityEmail":"higginbottam.c@northeastern.edu"}}},
{"CourseRegistrationId":52928,"Student":{"Nuid":735029864,"FirstName":"Britteny","LastName":"Clementson","UniversityEmail":"clementson.b@northeastern.edu"},"Course":{"CourseId":6376,"CourseName":"Robotic Science and Systems","Instructor":{"InstructorId":1193,"FirstName":"Karalynn","LastName":"Vagg","UniversityEmail":"vagg.k@northeastern.edu"}}},
{"CourseRegistrationId":29468,"Student":{"Nuid":179527823,"FirstName":"Ruy","LastName":"Upsale","UniversityEmail":"upsale.r@northeastern.edu"},"Course":{"CourseId":5597,"CourseName":"Foundations of Software Engineering","Instructor":{"InstructorId":1542,"FirstName":"Berty","LastName":"Colbridge","UniversityEmail":"colbridge.b@northeastern.edu"}}},
{"CourseRegistrationId":10895,"Student":{"Nuid":632952605,"FirstName":"Gillan","LastName":"Bastow","UniversityEmail":"bastow.g@northeastern.edu"},"Course":{"CourseId":5597,"CourseName":"Foundations of Software Engineering","Instructor":{"InstructorId":1542,"FirstName":"Berty","LastName":"Colbridge","UniversityEmail":"colbridge.b@northeastern.edu"}}},
{"CourseRegistrationId":83809,"Student":{"Nuid":974085082,"FirstName":"Merridie","LastName":"Chambers","UniversityEmail":"chambers.m@northeastern.edu"},"Course":{"CourseId":6148,"CourseName":"Advanced Machine Learning","Instructor":{"InstructorId":1093,"FirstName":"Jeramey","LastName":"Demangel","UniversityEmail":"demangel.j@northeastern.edu"}}},
{"CourseRegistrationId":69093,"Student":{"Nuid":612572959,"FirstName":"Maurene","LastName":"Trevallion","UniversityEmail":"trevallion.m@northeastern.edu"},"Course":{"CourseId":6130,"CourseName":"Natural Language Processing","Instructor":{"InstructorId":1542,"FirstName":"Berty","LastName":"Colbridge","UniversityEmail":"colbridge.b@northeastern.edu"}}},
{"CourseRegistrationId":14632,"Student":{"Nuid":602259578,"FirstName":"Karylin","LastName":"Heaslip","UniversityEmail":"heaslip.k@northeastern.edu"},"Course":{"CourseId":6282,"CourseName":"Database Management Systems","Instructor":{"InstructorId":1383,"FirstName":"Mora","LastName":"Daye","UniversityEmail":"daye.m@northeastern.edu"}}},
{"CourseRegistrationId":25424,"Student":{"Nuid":990650901,"FirstName":"Francisco","LastName":"Saing","UniversityEmail":"saing.f@northeastern.edu"},"Course":{"CourseId":6934,"CourseName":"Foundations of Artificial Intelligence","Instructor":{"InstructorId":1651,"FirstName":"Eugenie","LastName":"Santorini","UniversityEmail":"santorini.e@northeastern.edu"}}},
{"CourseRegistrationId":26355,"Student":{"Nuid":354165136,"FirstName":"Randie","LastName":"Lode","UniversityEmail":"lode.r@northeastern.edu"},"Course":{"CourseId":6062,"CourseName":"Information Retrieval","Instructor":{"InstructorId":1694,"FirstName":"Christabella","LastName":"Murrie","UniversityEmail":"murrie.c@northeastern.edu"}}},
{"CourseRegistrationId":91113,"Student":{"Nuid":602259578,"FirstName":"Karylin","LastName":"Heaslip","UniversityEmail":"heaslip.k@northeastern.edu"},"Course":{"CourseId":6353,"CourseName":"Advanced Machine Learning","Instructor":{"InstructorId":1165,"FirstName":"Willy","LastName":"Wellen","UniversityEmail":"wellen.w@northeastern.edu"}}},
{"CourseRegistrationId":45633,"Student":{"Nuid":911637662,"FirstName":"Elbert","LastName":"Wincer","UniversityEmail":"wincer.e@northeastern.edu"},"Course":{"CourseId":5848,"CourseName":"Foundations of Artificial Intelligence","Instructor":{"InstructorId":1383,"FirstName":"Mora","LastName":"Daye","UniversityEmail":"daye.m@northeastern.edu"}}},
{"CourseRegistrationId":79353,"Student":{"Nuid":854471107,"FirstName":"Rafael","LastName":"Pockey","UniversityEmail":"pockey.r@northeastern.edu"},"Course":{"CourseId":5869,"CourseName":"Special Topics in Artificial Intelligence","Instructor":{"InstructorId":1110,"FirstName":"Berne","LastName":"Castenda","UniversityEmail":"castenda.b@northeastern.edu"}}},
{"CourseRegistrationId":61718,"Student":{"Nuid":353081570,"FirstName":"Winnie","LastName":"Petrou","UniversityEmail":"petrou.w@northeastern.edu"},"Course":{"CourseId":5837,"CourseName":"Machine Learning","Instructor":{"InstructorId":1069,"FirstName":"Brietta","LastName":"Drinkwater","UniversityEmail":"drinkwater.b@northeastern.edu"}}},
{"CourseRegistrationId":41624,"Student":{"Nuid":854471107,"FirstName":"Rafael","LastName":"Pockey","UniversityEmail":"pockey.r@northeastern.edu"},"Course":{"CourseId":6291,"CourseName":"Database Management Systems","Instructor":{"InstructorId":1165,"FirstName":"Willy","LastName":"Wellen","UniversityEmail":"wellen.w@northeastern.edu"}}},
{"CourseRegistrationId":85642,"Student":{"Nuid":858705197,"FirstName":"Carline","LastName":"Moxham","UniversityEmail":"moxham.c@northeastern.edu"},"Course":{"CourseId":6703,"CourseName":"Discrete Structures","Instructor":{"InstructorId":1093,"FirstName":"Jeramey","LastName":"Demangel","UniversityEmail":"demangel.j@northeastern.edu"}}},
{"CourseRegistrationId":48119,"Student":{"Nuid":893727356,"FirstName":"Kiel","LastName":"Griffith","UniversityEmail":"griffith.k@northeastern.edu"},"Course":{"CourseId":6148,"CourseName":"Advanced Machine Learning","Instructor":{"InstructorId":1093,"FirstName":"Jeramey","LastName":"Demangel","UniversityEmail":"demangel.j@northeastern.edu"}}},
{"CourseRegistrationId":96605,"Student":{"Nuid":911637662,"FirstName":"Elbert","LastName":"Wincer","UniversityEmail":"wincer.e@northeastern.edu"},"Course":{"CourseId":6130,"CourseName":"Natural Language Processing","Instructor":{"InstructorId":1542,"FirstName":"Berty","LastName":"Colbridge","UniversityEmail":"colbridge.b@northeastern.edu"}}},
{"CourseRegistrationId":90741,"Student":{"Nuid":410510468,"FirstName":"Abramo","LastName":"Steers","UniversityEmail":"steers.a@northeastern.edu"},"Course":{"CourseId":6148,"CourseName":"Advanced Machine Learning","Instructor":{"InstructorId":1093,"FirstName":"Jeramey","LastName":"Demangel","UniversityEmail":"demangel.j@northeastern.edu"}}},
{"CourseRegistrationId":22783,"Student":{"Nuid":568348448,"FirstName":"Shani","LastName":"Bollon","UniversityEmail":"bollon.s@northeastern.edu"},"Course":{"CourseId":6253,"CourseName":"Information Retrieval","Instructor":{"InstructorId":1374,"FirstName":"Gretel","LastName":"Chaperlin","UniversityEmail":"chaperlin.g@northeastern.edu"}}},
{"CourseRegistrationId":51389,"Student":{"Nuid":702998899,"FirstName":"Dee","LastName":"Giacobini","UniversityEmail":"giacobini.d@northeastern.edu"},"Course":{"CourseId":6282,"CourseName":"Database Management Systems","Instructor":{"InstructorId":1383,"FirstName":"Mora","LastName":"Daye","UniversityEmail":"daye.m@northeastern.edu"}}},
{"CourseRegistrationId":44416,"Student":{"Nuid":786657238,"FirstName":"Del","LastName":"Cantero","UniversityEmail":"cantero.d@northeastern.edu"},"Course":{"CourseId":6130,"CourseName":"Natural Language Processing","Instructor":{"InstructorId":1542,"FirstName":"Berty","LastName":"Colbridge","UniversityEmail":"colbridge.b@northeastern.edu"}}},
{"CourseRegistrationId":79450,"Student":{"Nuid":735029864,"FirstName":"Britteny","LastName":"Clementson","UniversityEmail":"clementson.b@northeastern.edu"},"Course":{"CourseId":5353,"CourseName":"Object-Oriented Design","Instructor":{"InstructorId":1110,"FirstName":"Shaun","LastName":"Risson","UniversityEmail":"risson.s@northeastern.edu"}}},
{"CourseRegistrationId":38352,"Student":{"Nuid":702998899,"FirstName":"Dee","LastName":"Giacobini","UniversityEmail":"giacobini.d@northeastern.edu"},"Course":{"CourseId":5297,"CourseName":"Natural Language Processing","Instructor":{"InstructorId":1593,"FirstName":"Jaime","LastName":"Floodgate","UniversityEmail":"floodgate.j@northeastern.edu"}}},
{"CourseRegistrationId":67666,"Student":{"Nuid":655489327,"FirstName":"Aldous","LastName":"Henke","UniversityEmail":"henke.a@northeastern.edu"},"Course":{"CourseId":5809,"CourseName":"Robotic Science and Systems","Instructor":{"InstructorId":1624,"FirstName":"Olivette","LastName":"Shankland","UniversityEmail":"shankland.o@northeastern.edu"}}},
{"CourseRegistrationId":64163,"Student":{"Nuid":589241878,"FirstName":"Cozmo","LastName":"Bennett","UniversityEmail":"bennett.c@northeastern.edu"},"Course":{"CourseId":5081,"CourseName":"Empirical Research Methods","Instructor":{"InstructorId":1687,"FirstName":"Rees","LastName":"Peasee","UniversityEmail":"peasee.r@northeastern.edu"}}},
{"CourseRegistrationId":63196,"Student":{"Nuid":846711240,"FirstName":"Gustaf","LastName":"Kamenar","UniversityEmail":"kamenar.g@northeastern.edu"},"Course":{"CourseId":6707,"CourseName":"Discrete Structures","Instructor":{"InstructorId":1624,"FirstName":"Olivette","LastName":"Shankland","UniversityEmail":"shankland.o@northeastern.edu"}}}]